CREATE TABLE tbl_employee (
    eid NUMBER(5),
    ename VARCHAR2(20),
    esalary NUMBER(5)
);
DROP TABLE tbl_employee;
CREATE TABLE tbl_employee (
    eid NUMBER(5),
    ename VARCHAR2(20),
    esalary NUMBER(5)
);


INSERT INTO tbl_employee (eid, ename, esalary)
VALUES (1, 'Jeeva', 5000);

INSERT INTO tbl_employee (eid, ename, esalary)
VALUES (2, 'Joe', 7870);

INSERT INTO tbl_employee (eid, ename, esalary)
VALUES (3, 'Bahraaath', 8700);
SELECT * FROM tbl_employee;
SELECT * FROM tbl_employee
WHERE esalary BETWEEN 5000 AND 8000;
SELECT * FROM tbl_employee
WHERE esalary not BETWEEN 5000 AND 8000;
SELECT * FROM tbl_employee;
SELECT * FROM tbl_employee
WHERE esalary >= 5000 AND  eid in (1 , 2 );
SELECT * FROM tbl_employee
WHERE esalary >= 5000 or  eid in (1 , 2 );  
SELECT * FROM tbl_employee;
select * From tbl_employee where ename like 'J%';
select * From tbl_employee where ename like '_a%';
select * From tbl_employee where ename like '_o%';
select * From tbl_employee where ename not  like 'J%';
select * From tbl_employee where ename  not like '_a%';
select * From tbl_employee where ename like '__e%';
select * From tbl_employee where ename like '%J%';
select * From tbl_employee where ename like '%h%';
insert into tbl_employee (eid , esalary) values (7,6988);
SELECT * FROM tbl_employee;
select * From tbl_employee where ename is null;
select * From tbl_employee where ename is not  null;
SELECT * FROM tbl_employee;
select * from tbl_employee order by eid;
select * from tbl_employee order by eid desc;
select * from tbl_employee order by eid , ename;
select * from tbl_employee order by eid , ename desc;
alter table tbl_employee add doj date;
SELECT * FROM tbl_employee;
update tbl_employee set doj=sysdate where eid=1;
SELECT * FROM tbl_employee;
update tbl_employee set doj='05-AUG-24' where eid=7;
SELECT * FROM tbl_employee;
alter table tbl_employee drop column doj;
SELECT * FROM tbl_employee;
desc tbl_employee;
alter table tbl_employee modify esalary number (7);
desc tbl_employee;
alter table tbl_employee rename column ename to emp_names;
desc tbl_employee;
SELECT * FROM tbl_employee;
rename tbl_employee to tbl_worker;
drop table tbl_worker;
flashback table tbl_worker on before drop;





OUTPUT:

Table created.

Table dropped.

Table created.

1 row(s) inserted.

1 row(s) inserted.

1 row(s) inserted.

EID	ENAME	ESALARY
1	Jeeva	5000
2	Joe	7870
3	Bahraaath	8700

3 rows selected.

EID	ENAME	ESALARY
1	Jeeva	5000
2	Joe	7870

2 rows selected.


EID	ENAME	ESALARY
3	Bahraaath	8700



EID	ENAME	ESALARY
1	Jeeva	5000
2	Joe	7870
3	Bahraaath	8700

3 rows selected.


EID	ENAME	ESALARY
1	Jeeva	5000
2	Joe	7870

2 rows selected.


EID	ENAME	ESALARY
1	Jeeva	5000
2	Joe	7870
3	Bahraaath	8700

3 rows selected.


EID	ENAME	ESALARY
1	Jeeva	5000
2	Joe	7870
3	Bahraaath	8700

3 rows selected.

Result Set 8
EID	ENAME	ESALARY
1	Jeeva	5000
2	Joe	7870

2 rows selected.


EID	ENAME	ESALARY
3	Bahraaath	8700



EID	ENAME	ESALARY
2	Joe	7870


EID	ENAME	ESALARY
3	Bahraaath	8700



EID	ENAME	ESALARY
1	Jeeva	5000
2	Joe	7870

2 rows selected.


EID	ENAME	ESALARY
1	Jeeva	5000
2	Joe	7870

2 rows selected.


EID	ENAME	ESALARY
1	Jeeva	5000
2	Joe	7870

2 rows selected.


EID	ENAME	ESALARY
3	Bahraaath	8700


1 row(s) inserted.


EID	ENAME	ESALARY
1	Jeeva	5000
2	Joe	7870
3	Bahraaath	8700
7	 - 	6988

4 rows selected.


EID	ENAME	ESALARY
7	 - 	6988

EID	ENAME	ESALARY
1	Jeeva	5000
2	Joe	7870
3	Bahraaath	8700
3 rows selected.

EID	ENAME	ESALARY
1	Jeeva	5000
2	Joe	7870
3	Bahraaath	8700
7	 - 	6988
4 rows selected.

Result Set 20
EID	ENAME	ESALARY
1	Jeeva	5000
2	Joe	7870
3	Bahraaath	8700
7	 - 	6988

4 rows selected.


EID	ENAME	ESALARY
7	 - 	6988
3	Bahraaath	8700
2	Joe	7870
1	Jeeva	5000

4 rows selected.

EID	ENAME	ESALARY
1	Jeeva	5000
2	Joe	7870
3	Bahraaath	8700
7	 - 	6988

4 rows selected.


EID	ENAME	ESALARY
1	Jeeva	5000
2	Joe	7870
3	Bahraaath	8700
7	 - 	6988

4 rows selected.

Table altered.

Result Set 24
EID	ENAME	ESALARY	DOJ
1	Jeeva	5000	 - 
2	Joe	7870	 - 
3	Bahraaath	8700	 - 
7	 - 	6988	 - 

4 rows selected.

1 row(s) updated.

EID	ENAME	ESALARY	DOJ
1	Jeeva	5000	07-AUG-24
2	Joe	7870	 - 
3	Bahraaath	8700	 - 
7	 - 	6988	 - 

4 rows selected.

1 row(s) updated.


EID	ENAME	ESALARY	DOJ
1	Jeeva	5000	07-AUG-24
2	Joe	7870	 - 
3	Bahraaath	8700	 - 
7	 - 	6988	05-AUG-24

4 rows selected.

Table altered.


EID	ENAME	ESALARY
1	Jeeva	5000
2	Joe	7870
3	Bahraaath	8700
7	 - 	6988
4 rows selected.

TABLE TBL_EMPLOYEE
Column	Null?	Type
EID	 - 	NUMBER(5,0)
ENAME	 - 	VARCHAR2(20)
ESALARY	 - 	NUMBER(5,0)

3 rows selected.

Table altered.

TABLE TBL_EMPLOYEE
Column	Null?	Type
EID	 - 	NUMBER(5,0)
ENAME	 - 	VARCHAR2(20)
ESALARY	 - 	NUMBER(7,0)
3 rows selected.

Table altered.

TABLE TBL_EMPLOYEE
Column	Null?	Type
EID	 - 	NUMBER(5,0)
EMP_NAMES	 - 	VARCHAR2(20)
ESALARY	 - 	NUMBER(7,0)

3 rows selected.

EID	EMP_NAMES	ESALARY
1	Jeeva	5000
2	Joe	7870
3	Bahraaath	8700
7	 - 	6988

4 rows selected.

Statement processed.

Table dropped.